"DATE","OPEN","HIGH","LOW","CLOSE","TICKVOL","VOL"
2013-03-21,98.01,98.26,98.01,98.11,1530,539
2013-03-22,98.4,98.45,98.2,98.25,1730,626
2013-03-25,98.43,98.58,98.43,98.43,500,155
2013-03-26,98.55,98.75,98.55,98.65,610,225
2013-03-27,98.56,98.61,98.56,98.61,880,97
2013-03-28,98.05,98.1,97.8,98.1,730,337
2013-04-01,98.05,98.05,97.7,97.8,470,216
2013-04-02,97.8,98.25,97.75,98.2,910,324
2013-04-03,98.51,98.61,98.51,98.61,1900,456
2013-04-04,98.85,98.85,98.65,98.85,1380,575
2013-04-05,98.9,98.9,98.55,98.55,1200,556
2013-04-08,98.8,98.8,98.3,98.4,850,561
2013-04-09,98.7,98.9,98.65,98.85,1260,733
2013-04-10,98.5,98.95,98.3,98.75,860,583
2013-04-11,99,99.1,98.95,99.05,1020,755
2013-04-12,99.03,99.08,98.68,98.83,550,385
2013-04-15,99.1,99.55,99.1,99.4,1390,934
2013-04-16,99.75,100.15,99.6,99.8,1030,929
2013-04-17,100,100,99.6,99.6,950,661
2013-04-18,99.7,99.95,99.45,99.8,540,200
2013-04-19,100.1,100.3,100,100.1,670,562
2013-04-22,99.94,100.15,99.7,100,1370,1158
2013-04-23,99.8,100.15,99.75,99.8,1110,454
2013-04-24,100,100,99.65,99.8,790,229
2013-04-25,100.09,100.15,100,100,330,126
2013-04-26,99.81,99.91,99.81,99.91,510,932
2013-04-29,99.85,99.85,99.8,99.8,290,167
2013-04-30,96.88,97.1,96.55,96.85,2800,1143
2013-05-02,97,97.35,96.55,96.75,2970,1250
2013-05-03,97.16,97.6,97.15,97.3,5310,3038
2013-05-06,96.7,96.9,96.6,96.65,2460,785
2013-05-07,96.4,96.79,96.24,96.39,7440,3033
2013-05-08,96.14,96.14,95.79,96.04,4600,2142
2013-05-09,96.57,96.7,96.25,96.3,5000,1885
2013-05-10,96.11,96.31,96.01,96.11,4120,2108
2013-05-13,96.01,96.16,95.76,95.86,3010,1146
2013-05-14,96.69,96.99,96.69,96.94,7850,2672
2013-05-15,96.72,96.87,96.57,96.57,4150,1586
2013-05-16,96.5,96.8,96.5,96.75,2840,951
2013-05-17,97,97.2,96.9,97.15,4040,1539
2013-05-20,97.29,97.35,97.1,97.15,3130,951
2013-05-21,97.16,97.31,97.16,97.26,2670,1584
2013-05-22,97.25,97.55,97.2,97.5,3480,2242
2013-05-23,97.69,97.75,97.45,97.45,2210,1274
2013-05-24,97.5,97.6,97.25,97.4,3480,1542
2013-05-27,97.65,97.8,97.45,97.5,1310,780
2013-05-28,97.69,97.69,97.54,97.59,2220,1443
2013-05-29,97.79,97.94,97.79,97.84,760,552
2013-05-31,98.78,98.78,98.68,98.73,890,376
2013-06-03,98.84,99,98.8,98.8,1590,982
2013-06-04,98.8,98.8,98.45,98.55,2770,1680
2013-06-05,98.89,98.99,98.64,98.89,3180,1699
2013-06-06,98.99,99.14,98.79,98.84,2950,1412
2013-06-07,99.01,99.11,98.71,98.71,5120,2715
2013-06-10,98.79,98.99,98.69,98.84,2250,985
2013-06-11,98.5,98.95,98.45,98.65,3450,2344
2013-06-12,98.89,99.1,98.7,98.85,2880,1663
2013-06-13,98.51,98.71,98.51,98.66,4270,1660
2013-06-14,98.84,99.04,98.84,98.94,3120,1402
2013-06-17,99.14,99.26,99.06,99.16,2740,2175
2013-06-18,99.09,99.14,98.84,98.84,2490,2415
2013-06-19,99.15,99.15,98.76,98.86,1430,2076
2013-06-20,99.3,99.34,99.19,99.24,2240,1167
2013-06-21,99.5,99.6,99.4,99.6,1400,913
2013-06-24,99.6,99.7,99.4,99.4,1330,1219
2013-06-25,99.55,99.65,99.5,99.5,1170,1452
2013-06-26,99.6,99.9,99.55,99.9,950,793
2013-06-27,99.72,99.72,99.67,99.67,930,2035
2013-06-28,101.7,101.95,101.65,101.9,2520,1366
2013-07-01,102,102.05,101.85,101.9,1540,656
2013-07-02,101.85,101.85,101.65,101.85,3020,1558
2013-07-03,102.15,102.15,101.7,101.95,5000,2980
2013-07-04,102.19,102.29,101.89,102.24,3760,1949
2013-07-05,102.45,102.57,102.27,102.42,3030,1695
2013-07-08,102.35,102.45,102.3,102.35,1830,730
2013-07-10,102.86,103.25,102.85,103.15,3580,2059
2013-07-11,103.19,103.59,103.14,103.44,4980,2715
2013-07-12,103.6,103.9,103.5,103.7,4310,2059
2013-07-15,103.4,103.65,103.25,103.55,3110,1478
2013-07-16,103.79,103.79,103.59,103.59,2320,1705
2013-07-17,103.44,103.44,102.74,102.89,5550,4256
2013-07-18,102.73,102.73,101.98,102.08,3900,2130
2013-07-19,102,102.15,101.55,101.8,5970,4005
2013-07-22,102.2,102.2,101.65,101.8,3500,2105
2013-07-23,102.02,102.17,101.92,102.02,2940,2281
2013-07-24,102.48,102.49,102.29,102.34,2950,1643
2013-07-25,102.5,102.65,102.35,102.55,2980,2296
2013-07-26,102.5,102.65,102.5,102.65,1060,555
2013-07-29,102.4,102.4,102.35,102.35,910,649
2013-07-30,102.3,102.3,102.15,102.25,720,433
2013-07-31,101.76,101.8,101.55,101.65,5280,3359
2013-08-01,101.64,101.65,101.1,101.15,4960,4082
2013-08-02,101.03,101.35,100.9,100.95,5490,4133
2013-08-05,101.19,101.24,100.94,100.99,2720,2232
2013-08-06,101.29,101.75,101.29,101.5,4440,3748
2013-08-07,101.54,101.64,101.39,101.44,4160,3379
2013-08-08,100.95,101.1,100.8,101,3730,3035
2013-08-09,101.01,101.03,100.83,100.98,2790,1679
2013-08-12,100.96,101.11,100.91,101.01,2890,1843
2013-08-15,100.21,100.3,99.8,100.05,4140,2943
2013-08-16,100.13,100.38,100.13,100.23,4630,2730
2013-08-19,100.9,101.2,100.9,101.2,2620,1709
2013-08-20,101.2,101.45,101,101.05,3980,3589
2013-08-21,100.91,101.05,100.85,101,2110,1163
2013-08-22,101.1,101.4,101.1,101.4,3130,2123
2013-08-23,101.65,101.75,101.55,101.75,2640,1910
2013-08-26,102.1,102.25,102.1,102.25,2450,2104
2013-08-27,101.9,101.95,101.85,101.95,1070,1256
2013-08-28,101.76,101.91,101.71,101.81,1500,1295
2013-08-29,102.15,102.2,102.15,102.2,1150,444
2013-08-30,104.62,104.77,104.52,104.72,2050,778
2013-09-02,105.2,105.45,104.9,105.1,1020,662
2013-09-03,104.61,104.91,104.31,104.41,1820,1044
2013-09-04,105,105.4,104.95,105.4,2620,1376
2013-09-05,105.94,105.95,105.25,105.35,1870,998
2013-09-06,105.89,105.89,105.54,105.69,1660,874
2013-09-09,105.9,106.45,105.85,106.25,1760,1166
2013-09-10,106.5,106.5,106.1,106.15,1340,1148
2013-09-11,106.3,106.45,105.9,106.45,2950,1369
2013-09-12,106.79,106.95,106.25,106.35,2260,1415
2013-09-13,106,106.35,106,106.3,1690,859
2013-09-16,106.6,106.6,106.5,106.5,1220,405
2013-09-17,106.85,107.55,106.8,107.55,2420,1101
2013-09-18,107.41,107.71,107.36,107.71,1880,1232
2013-09-19,108.1,108.5,108.1,108.45,1960,1378
2013-09-20,108.4,108.7,108.4,108.7,910,408
2013-09-23,108.79,108.89,108.59,108.69,960,628
2013-09-24,108.5,108.7,108,108.55,1440,920
2013-09-25,108.99,109.04,108.69,108.99,1120,1109
2013-09-26,109.1,109.15,109.1,109.1,650,787
2013-09-27,109.2,109.2,109.05,109.1,300,125
2013-09-30,111,111.23,110.43,110.58,9330,5037
2013-10-01,111.2,111.2,110.35,110.65,10450,6629
2013-10-02,110.5,110.73,109.98,110.13,14210,6701
2013-10-03,110.12,110.12,109.5,109.7,9880,5954
2013-10-04,109.07,109.15,108.7,108.85,14130,7292
2013-10-07,108.45,109.4,108.3,109.3,10800,6035
2013-10-08,109.78,110.14,109.78,109.94,7030,4742
2013-10-09,109.7,109.9,109.4,109.8,7220,5280
2013-10-10,109.38,109.55,108.75,109.1,13170,7306
2013-10-11,108.05,109.29,108.05,108.89,12480,8607
2013-10-14,108.02,108.51,108.01,108.36,5130,2847
2013-10-15,108.1,108.25,108,108.15,5730,2615
2013-10-16,107.81,107.92,107.37,107.42,8980,6521
2013-10-17,107.62,107.97,107.47,107.97,6110,3572
2013-10-18,107.46,107.61,107.16,107.26,9500,7132
2013-10-21,107.22,107.22,106.82,106.87,3180,1498
2013-10-22,106.97,108,106.95,107.9,6590,3915
2013-10-23,108,108.2,107.85,108.1,3450,1557
2013-10-24,107.8,107.85,107.65,107.85,4420,1770
2013-10-25,107.11,107.56,107.11,107.46,1370,841
2013-10-28,107.7,107.75,107.6,107.6,1520,777
2013-10-29,107.81,108.11,107.81,107.96,2070,1552
2013-10-30,108,108.05,108,108,1270,1038
2013-10-31,106.26,106.51,106.21,106.41,3860,1961
2013-11-01,106.65,107.28,106.63,107.23,3310,1629
2013-11-04,107.18,107.5,107.1,107.5,4070,2033
2013-11-05,107.59,107.79,107.39,107.79,2960,1041
2013-11-06,108.05,108.08,107.78,107.88,3370,1566
2013-11-07,108.17,108.17,107.52,107.77,3720,1527
2013-11-08,108.04,108.06,107.76,107.86,3960,2172
2013-11-11,107.99,108.14,107.84,108.04,2750,1333
2013-11-12,108.28,108.73,108.28,108.58,4620,2404
2013-11-13,108.5,108.65,108.05,108.1,3400,2077
2013-11-14,108.3,108.43,108.18,108.38,3010,1530
2013-11-18,108.5,108.8,108.4,108.8,4010,2655
2013-11-19,108.5,108.85,108.5,108.85,2250,1095
2013-11-21,108.5,108.6,108.5,108.6,3790,1844
2013-11-22,108.5,108.6,108.5,108.55,1440,780
2013-11-25,108.9,109,108.85,108.95,1280,650
2013-11-26,108.95,109,108.95,109,2340,1433
2013-11-27,109.05,109.15,109.05,109.1,880,1091
2013-11-28,109.24,109.24,109.04,109.09,580,481
2013-11-29,110.45,110.9,110.25,110.75,2810,1148
2013-12-02,110.65,110.75,110.25,110.55,3910,2703
2013-12-03,110.89,111.24,110.69,110.94,3990,2218
2013-12-04,110.9,111.45,110.85,111.4,5550,3400
2013-12-05,111.72,112,111.7,112,4200,2322
2013-12-06,111.76,112.5,111.7,112.35,4410,1976
2013-12-09,112.7,113.7,112.7,113.6,4300,1856
2013-12-10,113.93,114.08,112.78,112.93,6950,3040
2013-12-11,112.71,113.06,112.26,112.81,4710,2155
2013-12-12,113.31,114.16,113.26,113.96,3950,2182
2013-12-13,113.89,114,113.65,113.95,2870,1241
2013-12-16,113.7,114.3,113.7,114.25,2770,1199
2013-12-17,114.34,114.69,114.19,114.64,3370,1299
2013-12-18,115.03,115.15,114.8,115.15,4470,1348
2013-12-19,114.7,114.9,114.35,114.75,2340,1335
2013-12-20,114.28,114.3,114.1,114.15,860,405
2013-12-23,114.09,114.19,114.04,114.09,870,249
2013-12-26,114.49,114.5,114.25,114.35,790,357
2013-12-27,114.35,114.55,114.35,114.45,180,179
2013-12-30,112.87,113.06,112.51,112.51,940,373
2014-01-02,112.64,112.89,112.49,112.89,1360,1046
2014-01-03,113,113.2,112.75,112.95,2220,1172
2014-01-06,113.59,113.74,113.59,113.69,2990,1378
2014-01-07,113.38,113.38,113.1,113.15,4040,1971
2014-01-08,113.28,113.35,112.87,113.02,3600,1581
2014-01-09,112.99,113.24,112.74,112.84,5150,2050
2014-01-10,113.2,113.25,112.85,113.25,1270,427
2014-01-13,112.75,112.77,112.52,112.62,2823,1834
2014-01-14,112.8,112.87,112.62,112.72,6080,3414
2014-01-15,112.58,112.65,112.4,112.55,3410,1606
2014-01-16,112.65,112.7,112.45,112.5,4950,4585
2014-01-17,113.04,113.1,112.9,113.05,1870,842
2014-01-20,112.49,112.84,112.44,112.69,1080,657
2014-01-21,112.26,112.56,112.11,112.46,2120,1139
2014-01-22,112.35,112.45,112.1,112.15,4140,3034
2014-01-23,112.41,112.81,112.41,112.66,5030,3390
2014-01-24,113.1,113.36,113.06,113.36,2930,1597
2014-01-27,113.6,113.95,113.55,113.9,3800,2240
2014-01-28,114.15,114.2,114.05,114.05,2980,1030
2014-01-29,114.15,114.35,114.15,114.35,1110,438
2014-01-30,114.5,114.55,114.45,114.45,450,156
2014-01-31,115.95,116.61,115.76,116.36,4060,3763
2014-02-03,116.94,117.24,116.79,117.04,2520,1033
2014-02-04,116.52,117.62,116.52,117.32,3370,1636
2014-02-05,116.95,117.45,116.95,117.05,3790,1817
2014-02-06,117.35,117.55,117.1,117.5,3920,2505
2014-02-07,117.75,117.79,117.49,117.69,2050,878
2014-02-10,117.85,118,117.75,117.8,1490,637
2014-02-11,117.84,118,117.65,117.85,1390,836
2014-02-12,117.85,118.85,117.85,118.6,5230,1969
2014-02-13,119.05,119.85,119,119.45,5470,2444
2014-02-14,119.13,119.28,118.68,119.23,2480,1426
2014-02-17,119.7,120.3,119.1,120.25,3070,1429
2014-02-18,120.79,121,120,120.2,3190,2139
2014-02-19,119.5,120,119.4,119.8,1160,618
2014-02-20,119.5,119.65,119.15,119.15,3800,1247
2014-02-21,118.75,119.1,118.75,119.1,1660,455
2014-02-24,119.5,120.35,119.5,119.9,890,432
2014-02-25,120.75,120.75,120.1,120.1,510,249
2014-02-26,120.26,120.35,120.2,120.2,1830,469
2014-02-27,120.2,120.2,120.15,120.2,230,170
2014-02-28,121.6,121.95,121.6,121.9,920,373
2014-03-05,122.01,122.91,122.01,122.91,880,340
2014-03-06,123.3,123.35,123,123.35,690,269
2014-03-07,123.75,123.75,123,123.35,1040,395
2014-03-10,123.3,124,123.3,123.65,810,518
2014-03-11,123.16,124.26,123.16,123.86,570,239
2014-03-12,124.2,124.8,124.1,124.25,990,564
2014-03-13,124.42,124.75,124.2,124.35,590,317
2014-03-14,124,124.2,123.55,123.85,760,197
2014-03-17,123.8,125.35,123.8,125.15,1180,754
2014-03-18,126,127.15,126,127.1,990,685
2014-03-19,127.2,128.05,125.95,125.95,1240,772
2014-03-20,126.15,126.45,126,126.15,1150,1250
2014-03-21,126.2,126.5,126,126.1,1020,624
2014-03-24,126.47,126.69,126.19,126.44,690,258
2014-03-25,126.69,126.69,126.24,126.34,630,146
2014-03-26,127,127,126.55,126.65,5720,1384
2014-03-27,126.9,127.3,126.85,127.3,660,776
2014-03-28,126.55,126.65,126.5,126.55,250,230
2014-03-31,122.16,122.16,120.12,121.97,230,33
2014-04-01,121.96,122.76,121.96,122.76,640,223
2014-04-02,122.4,122.5,121.6,121.6,170,32
2014-04-03,122.45,122.5,122,122,190,76
2014-04-04,122.3,123,122.3,122.9,510,216
2014-04-07,123.5,124,123.5,123.55,440,135
2014-04-08,124,124,123.05,123.1,570,364
2014-04-09,122.5,122.5,121.65,121.7,600,350
2014-04-10,121.81,122.36,121.26,121.26,690,330
2014-04-11,121.9,121.95,121.1,121.1,640,515
2014-04-14,121.28,121.83,121.28,121.83,670,187
2014-04-15,122.45,123.15,122.45,123.15,1080,1076
2014-04-16,123.5,123.9,123.4,123.85,480,179
2014-04-17,123.95,123.95,123.8,123.9,1470,365
2014-04-22,123.9,124.15,123.55,123.75,770,406
2014-04-23,124,124,123.55,123.9,460,132
2014-04-24,124.12,124.39,124.09,124.09,140,59
2014-04-25,124.28,124.28,124.08,124.28,120,73
2014-04-28,124.08,124.08,123.83,124.08,180,72
2014-04-29,124,124.05,124,124.05,60,6
2014-04-30,119.8,120.35,119.8,120.05,4680,1758
2014-05-02,119.79,120.14,119.69,120.14,3120,1390
2014-05-05,119.9,120.7,119.9,120.65,4690,1874
2014-05-06,120.85,121.15,120.2,121,6340,3281
2014-05-07,120.56,120.95,120.5,120.8,4370,2070
2014-05-08,120.55,120.85,120.5,120.8,4200,1735
2014-05-09,120.64,120.89,120.54,120.69,3250,1901
2014-05-12,120.55,120.75,120.2,120.25,4130,1777
2014-05-13,120.5,120.55,120.35,120.45,2740,1436
2014-05-14,120.76,121.15,120.76,120.9,5310,2418
2014-05-15,120.77,120.77,120.5,120.65,2910,1223
2014-05-16,120.12,120.35,119.85,119.95,7470,2887
2014-05-19,119.95,120.04,119.74,119.94,5610,1866
2014-05-20,119.75,120.05,119.75,119.9,3820,1412
2014-05-21,119.71,119.71,119.35,119.45,9710,2228
2014-05-22,119.31,119.46,119.31,119.31,2770,609
2014-05-23,119.5,119.5,119.35,119.45,1480,767
2014-05-26,119.5,119.7,119.45,119.6,750,398
2014-05-27,119.75,119.8,119.6,119.7,2440,2734
2014-05-28,120,120.1,120,120.1,3240,5592
2014-05-29,120.48,120.48,120.33,120.38,630,2953
2014-05-30,122.2,122.55,122.1,122.5,3860,684
2014-06-02,122.65,122.85,122.65,122.75,560,348
2014-06-03,122.2,122.65,122.1,122.65,1840,652
2014-06-04,122.61,123.21,122.61,123.21,1970,818
2014-06-05,123.59,124.39,123.49,123.94,1710,843
2014-06-06,123.97,123.97,123.17,123.82,600,310
2014-06-09,123.85,123.85,123.25,123.25,1150,470
2014-06-10,123.35,123.5,123.05,123.45,1450,724
2014-06-11,124,124,123.5,123.5,420,442
2014-06-13,123.2,123.9,123.2,123.7,650,257
2014-06-16,123.59,123.64,123.44,123.54,340,175
2014-06-17,123.2,123.2,123.05,123.05,430,420
2014-06-18,123.15,123.15,123,123.05,720,692
2014-06-20,122.65,122.8,122.3,122.5,1530,536
2014-06-23,122.15,122.25,122.1,122.25,360,87
2014-06-24,122.11,122.21,122.06,122.11,420,221
2014-06-25,122.02,122.07,122.02,122.07,2820,374
2014-06-26,121.73,121.73,121.58,121.58,580,472
2014-06-27,121.45,121.45,121.45,121.45,170,148
2014-06-30,122.6,122.65,122.15,122.5,910,220
2014-07-01,122.1,122.2,121.9,121.95,950,732
2014-07-02,122.1,122.15,121.5,121.8,1630,571
2014-07-03,121.5,122.05,121.5,121.85,830,324
2014-07-04,120.9,121.05,120.85,120.85,560,311
2014-07-07,121,121.2,120.6,120.65,170,68
2014-07-08,119.91,120.16,119.91,120.06,2990,395
2014-07-10,119.77,120.12,119.77,119.92,660,171
2014-07-11,119.23,120.08,119.23,119.88,560,301
2014-07-14,119.63,120.18,119.63,120.03,850,758
2014-07-15,120.45,121,120.2,120.5,1370,427
2014-07-16,120,120.2,120,120,290,354
2014-07-17,119.61,119.9,119.45,119.65,820,250
2014-07-18,119.8,119.8,119.35,119.35,90,14
2014-07-21,119.35,119.65,119.15,119.4,650,469
2014-07-22,119.01,119.3,118.85,118.9,980,800
2014-07-23,119.15,119.15,118.9,118.95,470,438
2014-07-24,118.9,118.94,118.79,118.79,900,1075
2014-07-25,118.75,118.95,118.6,118.75,630,434
2014-07-28,119.01,119.11,119.01,119.06,180,252
2014-07-29,119.14,119.14,119.04,119.04,360,867
2014-07-30,118.91,118.95,118.9,118.95,180,185
2014-07-31,121.6,121.99,121.6,121.99,2390,675
2014-08-01,121.8,122,121.7,121.9,520,287
2014-08-04,121.89,121.89,121.49,121.79,620,323
2014-08-05,121.8,122.3,121.7,122.2,2020,862
2014-08-06,122.2,122.5,122.1,122.5,1110,456
2014-08-07,122.5,122.9,122.25,122.7,2100,512
2014-08-08,123,123,122.3,122.55,1190,326
2014-08-11,122.38,122.68,122.18,122.43,500,115
2014-08-12,122.5,123.4,122.5,123.05,1000,694
2014-08-13,123.01,123.65,122.5,123.5,1090,486
2014-08-14,123.25,124.3,123.25,124.1,1160,574
2014-08-15,124.5,124.95,124.5,124.7,580,608
2014-08-18,124.6,124.95,124.25,124.9,440,280
2014-08-19,125.55,125.9,125.4,125.8,420,323
2014-08-20,125.95,126,125.7,125.7,260,94
2014-08-21,125.4,125.75,125.25,125.75,390,172
2014-08-22,125.55,125.6,125.25,125.6,530,594
2014-08-25,125.71,125.71,125.1,125.4,700,277
2014-08-26,125.6,126,125.6,126,2180,773
2014-08-27,126.38,126.48,126.33,126.38,490,228
2014-08-28,126.65,126.75,126.65,126.7,270,167
2014-08-29,129.3,129.75,129,129.35,640,670
2014-09-01,129.2,129.2,128.7,129.05,530,116
2014-09-02,128.85,129,128.65,128.7,560,159
2014-09-03,128.11,128.3,127.8,128.05,940,352
2014-09-04,128.5,128.7,127.85,127.95,670,264
2014-09-05,127.35,127.9,127.05,127.9,850,227
2014-09-08,128,128.2,127.75,127.85,450,139
2014-09-09,127.79,128.89,127.64,128.89,890,316
2014-09-10,128.2,129.09,128.2,128.84,540,186
2014-09-11,128.51,128.96,128.51,128.96,310,181
2014-09-12,129,129,128.75,128.85,290,85
2014-09-15,128.18,128.33,128.18,128.33,290,155
2014-09-16,128.15,128.35,128.1,128.25,220,138
2014-09-17,128.2,128.3,127.95,128.3,270,78
2014-09-18,128.15,128.65,128.15,128.65,80,31
2014-09-19,128.6,128.9,128.6,128.8,270,290
2014-09-22,128.5,128.65,128.5,128.65,50,8
2014-09-23,128.7,128.7,128.65,128.65,190,127
2014-09-24,129,129.2,129,129.15,410,289
2014-09-25,129,129.15,128.9,129.15,500,396
2014-09-26,129.1,129.1,129.05,129.1,50,55
2014-09-30,130.5,130.7,130.25,130.4,5080,2759
2014-10-01,130.31,130.56,130.06,130.51,5210,2905
2014-10-02,131.13,132.28,131.13,132.13,8380,4702
2014-10-03,133,133.69,132.79,132.79,7530,4355
2014-10-06,132.17,133.15,132.1,133,4830,2469
2014-10-07,132.99,133.14,132.79,132.84,7140,2779
2014-10-08,132.5,132.8,132.4,132.5,5180,2793
2014-10-09,133.3,134.3,133.2,134.25,10360,6776
2014-10-10,134.9,134.9,134.35,134.8,3810,2189
2014-10-13,134.1,135,134.1,135,2720,1399
2014-10-14,135.1,136.5,135.1,136.45,5140,2656
2014-10-15,135.91,136.37,134.82,134.87,5020,2280
2014-10-16,134.5,135.75,134.5,135.2,4350,2896
2014-10-17,135.1,135.8,135.1,135.35,1600,584
2014-10-20,135.3,136,135.3,135.7,171,714
2014-10-21,136,136.25,135.95,136.05,276,1525
2014-10-22,136.7,137.1,136.65,137.05,304,1799
2014-10-23,137.51,138.2,137.51,138.05,401,1948
2014-10-24,138.4,138.85,138.4,138.65,111,878
2014-10-27,139,139,138.25,138.4,212,578
2014-10-28,138.2,138.65,138.2,138.65,107,742
2014-10-29,138.6,138.65,138.4,138.65,233,1938
2014-10-30,138.5,138.6,138.5,138.55,78,1160
2014-10-31,143.77,144.37,143.42,144.22,342,1392
2014-11-03,144.33,144.63,142.53,142.93,538,2235
2014-11-04,142.2,143.05,141.5,142.85,523,2725
2014-11-05,143.15,144.32,142.32,144.07,499,2757
2014-11-06,143.99,145.25,143.99,145.25,350,971
2014-11-07,145.45,145.75,144.8,145.15,273,745
2014-11-10,145.3,145.6,144.45,144.5,252,1184
2014-11-11,143.75,144.4,143.7,144.1,264,1456
2014-11-12,143.99,144.75,143.45,143.6,463,2599
2014-11-13,144.06,144.46,142.96,143.26,333,1328
2014-11-14,143,143.5,142.9,142.9,180,735
2014-11-17,142.57,142.7,142.01,142.3,484,1661
2014-11-18,142.95,143.85,142.95,143.55,256,853
2014-11-19,143.2,143.8,143,143.35,481,1085
2014-11-21,143.3,143.4,142.9,143.15,89,271
2014-11-24,143.15,143.45,143.15,143.4,163,515
2014-11-25,143.75,144.05,143.55,144,162,694
2014-11-26,144.45,144.55,144.35,144.55,207,1904
2014-11-27,144.8,144.95,144.8,144.95,77,531
2014-11-28,145.38,146.38,144.93,146.13,410,1596
2014-12-01,145.82,147.12,145.82,146.97,387,1950
2014-12-02,146.49,146.55,146,146.45,575,2027
2014-12-03,146.69,147.04,145.89,145.94,877,3679
2014-12-04,144.99,145.09,143.89,144.34,1002,4862
2014-12-05,143.01,143.7,143.01,143.45,541,2617
2014-12-08,143.11,143.66,143.11,143.41,521,1704
2014-12-09,142.8,143.55,142.3,143.45,789,3005
2014-12-10,143.05,143.3,142.3,142.6,401,1660
2014-12-11,143,143,141.8,142.8,612,2015
2014-12-12,142,142.27,141.72,141.87,184,559
2014-12-15,142.05,142.2,141.8,141.8,112,339
2014-12-16,141.62,141.62,141.19,141.29,298,1000
2014-12-17,141.04,141.84,141.04,141.79,247,893
2014-12-18,142.29,142.29,142.14,142.19,93,331
2014-12-19,142,142.2,141.5,142.05,102,453
2014-12-22,142.5,142.6,142.25,142.4,126,341
2014-12-23,142.45,142.94,142.44,142.49,342,1718
2014-12-26,143.2,143.2,142.85,143.2,98,356
2014-12-29,143.3,143.3,143.05,143.3,86,378
2014-12-30,142.35,142.75,142.2,142.55,228,918
2015-01-02,142.82,142.99,142.08,142.43,114,263
2015-01-05,143.1,143.49,142.95,143.15,319,984
2015-01-06,142.77,142.97,142.62,142.87,213,934
2015-01-07,142.39,142.44,141.84,141.89,466,1856
2015-01-08,142.3,142.85,142.3,142.75,317,1323
2015-01-09,142.05,142.9,142.05,142.85,217,774
2015-01-12,143.2,143.45,143.1,143.35,313,1156
2015-01-13,143.5,143.9,143,143.75,605,3572
2015-01-14,143.68,144,143.68,143.8,349,3620
2015-01-15,143.3,143.68,143.28,143.58,432,2440
2015-01-16,143.83,144.23,143.83,144.18,363,1316
2015-01-19,143.8,144.1,143.8,144.1,147,669
2015-01-20,143.51,143.9,143.2,143.6,384,1324
2015-01-21,143.5,143.7,143.45,143.6,252,1152
2015-01-22,143.4,143.4,143.1,143.2,384,1372
2015-01-23,143.2,143.45,143.2,143.4,191,611
2015-01-26,143.2,143.35,143.1,143.35,99,936
2015-01-27,142.95,143.16,142.85,143.06,236,1647
2015-01-28,142.85,142.85,142.75,142.75,230,1444
2015-01-29,142.97,143.12,142.97,143.12,104,566
2015-01-30,142.71,143.3,142.7,143.25,343,1302
2015-02-02,143.39,143.64,143.19,143.29,174,395
2015-02-03,142.99,143.04,142.84,142.99,121,611
2015-02-04,142.7,143.23,142.68,142.98,327,1120
2015-02-05,143.5,143.5,143.05,143.05,95,228
2015-02-06,143.34,143.34,143.04,143.04,109,278
2015-02-09,143.05,143.2,142.75,143.05,70,280
2015-02-10,142.96,143.2,142.8,143.05,125,909
2015-02-11,143.4,143.5,143.1,143.45,158,398
2015-02-12,143.39,143.79,143.24,143.29,116,527
2015-02-13,143.21,143.35,143.2,143.3,91,383
2015-02-18,143.38,143.48,143.38,143.38,17,96
2015-02-19,143.2,143.3,143.05,143.2,94,478
2015-02-20,143.53,143.63,143.23,143.38,77,490
2015-02-23,143.88,143.98,143.78,143.93,147,995
2015-02-24,143.89,143.95,143.85,143.85,130,343
2015-02-25,143.56,143.61,143.51,143.51,140,705
2015-02-26,143.75,143.75,143.6,143.65,102,472
2015-02-27,144.6,144.75,144.5,144.65,80,284
2015-03-02,144.73,144.93,144.63,144.63,33,269
2015-03-03,144.5,145.2,144.4,145.1,255,1342
2015-03-04,145.49,145.69,145.49,145.64,76,238
2015-03-05,145.9,145.9,145.65,145.8,41,166
2015-03-06,145.01,146.06,145.01,146.01,122,507
2015-03-09,146.2,146.95,146.2,146.9,99,444
2015-03-10,146.9,147,145.85,146,99,258
2015-03-11,145.3,146.4,145.2,146,128,522
2015-03-12,145.95,146.35,145.55,146.35,107,484
2015-03-13,146.9,147,146.5,146.95,187,818
2015-03-16,146.99,147.24,146.49,146.79,138,393
2015-03-17,146.55,146.75,146.2,146.75,74,545
2015-03-18,146.25,147.1,146.25,146.8,78,669
2015-03-19,147.15,147.5,146.9,147.25,49,232
2015-03-20,147.1,147.15,147,147.1,115,216
2015-03-23,146.51,146.91,146.51,146.76,59,341
2015-03-24,147.1,147.1,146.85,146.85,53,197
2015-03-25,146.5,147.15,146.35,147.15,30,101
2015-03-26,147.28,147.3,147.1,147.3,63,313
2015-03-27,147.3,147.3,147.15,147.25,6,12
2015-03-30,147.35,147.35,147.3,147.35,10,41
2015-03-31,148.9,149,148.6,148.6,5,16
2015-04-01,148.57,148.97,148.57,148.97,8,24
2015-04-02,149,149.2,149,149.2,5,3
2015-04-06,149.9,150.6,149.9,150.6,30,257
2015-04-07,150.5,151.55,150.5,151.55,4,16
2015-04-08,153.04,153.04,153.04,153.04,10,70
2015-04-09,152.5,152.5,152.05,152.1,12,64
2015-04-10,151.7,152.3,151.65,151.8,33,241
2015-04-13,151.4,151.6,151.35,151.35,20,163
2015-04-14,151.44,151.49,151.09,151.49,28,138
2015-04-15,151.3,151.45,151.2,151.45,16,76
2015-04-16,151.55,151.6,151.4,151.55,6,27
2015-04-17,151.6,151.6,151.2,151.25,8,61
2015-04-20,151.1,151.35,151.1,151.35,8,71
2015-04-22,151.75,151.75,151.5,151.55,13,92
2015-04-23,150.52,150.52,149.67,149.67,58,355
2015-04-24,150.18,150.19,149.19,149.19,33,206
2015-04-27,149.2,149.6,149.2,149.6,7,13
2015-04-28,149.55,149.6,149.55,149.6,4,13
2015-04-29,149.6,149.6,149.6,149.6,2,11
2015-04-30,146.09,146.94,145.64,146.14,513,2797
2015-05-04,146.5,147.15,146.3,147.1,281,1256
2015-05-05,147.55,147.9,146.75,146.8,612,2151
2015-05-06,147.1,147.35,146.75,147.35,357,1932
2015-05-07,147.05,147.63,146.83,147.38,262,1237
2015-05-08,147.47,147.87,147.47,147.72,271,1193
2015-05-11,147.3,148.1,147.3,147.45,289,1300
2015-05-12,147,147.3,146.75,147.25,325,1779
2015-05-13,147.6,147.7,147.1,147.4,296,808
2015-05-14,147.45,147.7,147.15,147.55,212,714
2015-05-15,147.5,147.9,147.45,147.65,117,280
2015-05-18,147.35,147.6,147.35,147.55,172,407
2015-05-19,147.49,147.64,147.39,147.44,226,686
2015-05-20,147.64,147.99,147.59,147.84,239,1403
2015-05-21,147.3,147.3,147.02,147.22,222,866
2015-05-22,147.17,147.42,146.77,147.07,391,2391
2015-05-25,146.51,146.9,146.4,146.85,53,272
2015-05-26,146.9,146.9,146.7,146.85,165,698
2015-05-27,146.82,146.82,146.72,146.82,28,144
2015-05-28,146.7,146.8,146.7,146.7,8,147
2015-05-29,146.79,146.79,146.14,146.14,58,266
2015-06-01,152.3,152.4,146.4,152.4,623,1308
2015-06-02,152.9,153.35,146.35,152.85,868,2667
2015-06-03,153.3,154.45,147.2,154.2,3009,3588
2015-06-05,154.35,154.75,154.1,154.4,121,726
2015-06-08,154.7,154.9,147.45,154.8,1031,1925
2015-06-09,154.99,154.99,148.09,154.89,549,1769
2015-06-10,154.49,154.49,147.29,154.14,1785,2765
2015-06-11,153.51,154.19,146.99,153.14,1782,3534
2015-06-12,152.89,152.89,146.74,152.19,4635,3936
2015-06-15,151.11,151.76,151.11,151.21,470,2752
2015-06-16,146.3,151.45,146.3,150.85,1803,3275
2015-06-17,150.67,150.9,146.45,150.7,3145,4970
2015-06-18,149.9,151.95,145.9,151.9,3506,3379
2015-06-19,151.5,151.7,146,151.5,945,2920
2015-06-22,151.26,151.6,146.65,151.45,362,969
2015-06-23,151,151.4,145.9,151.15,2794,1986
2015-06-24,150.83,151.48,145.43,150.03,4720,3728
2015-06-25,149.05,149.3,144.5,148.9,1511,4870
2015-06-26,149.6,149.6,144.75,148,1783,5037
2015-06-29,147.84,148.99,145.34,147.89,1335,3162
2015-06-30,143.9,143.9,141.95,142.5,71,544
2015-07-01,142.1,142.85,141.5,142.85,43,226
2015-07-02,142.7,142.75,142.4,142.75,58,429
2015-07-03,143.2,143.3,141.7,141.95,77,309
2015-07-06,141.22,142.6,141.22,142.55,70,365
2015-07-07,142.5,142.5,141.35,142.25,52,212
2015-07-08,142,142.5,141.85,142.1,48,621
2015-07-10,142.59,142.59,141.99,141.99,11,18
2015-07-13,142.1,142.5,142,142,41,211
2015-07-14,142.01,142.01,141.76,142.01,23,78
2015-07-15,141.55,141.56,141.16,141.21,42,192
2015-07-16,140.5,141.1,140.5,141.1,58,269
2015-07-17,140.92,140.92,140.52,140.62,77,216
2015-07-20,140.8,140.9,140.5,140.8,18,187
2015-07-21,140.75,140.75,140.3,140.4,19,179
2015-07-22,140.85,140.95,140.6,140.6,23,136
2015-07-23,140.7,141.05,140.5,140.9,54,292
2015-07-24,140.94,141.19,140.74,140.99,13,23
2015-07-27,141,141,141,141,4,21
2015-07-28,141.49,141.54,141.39,141.49,26,431
2015-07-29,141.34,141.37,141.27,141.27,17,72
2015-07-30,141.31,141.31,141.26,141.26,8,43
2015-07-31,141.7,141.7,141.15,141.6,25,83
2015-08-03,142,142.45,142,142.05,20,73
2015-08-04,142.98,143.03,142.58,143.03,47,365
2015-08-05,142.89,142.9,142.5,142.5,12,37
2015-08-06,141.8,141.9,141.4,141.45,16,81
2015-08-07,141.2,141.2,140.85,141.2,47,252
2015-08-10,141.48,141.53,141.08,141.08,12,59
2015-08-11,141.49,141.5,141.1,141.4,9,19
2015-08-12,141.2,142.9,141.2,142.9,51,400
2015-08-13,142.2,142.95,142,142.2,24,103
2015-08-14,141.8,142.2,141.75,141.9,7,7
2015-08-17,142.23,142.3,141.75,141.95,20,44
2015-08-18,142.1,142.4,142.1,142.15,4,8
2015-08-19,142,142.1,141.8,142.1,9,63
2015-08-20,142.15,142.15,142.1,142.1,10,28
2015-08-21,142,142,142,142,5,25
2015-08-24,141.5,142.05,141.5,142,16,63
2015-08-25,142,142,142,142,9,51
2015-08-26,142.37,142.67,142.37,142.62,14,80
2015-08-27,142.2,142.35,142.2,142.2,21,84
2015-08-31,144.4,144.45,144,144.45,16,37
2015-09-01,144.8,144.95,144.6,144.95,12,79
2015-09-02,146,146,145.7,145.7,5,14
2015-09-03,145.5,145.75,145.5,145.75,7,13
2015-09-04,145,145.95,145,145.95,13,121
2015-09-08,145.69,145.69,145.19,145.24,10,32
2015-09-09,144.55,144.55,143.75,143.75,20,69
2015-09-10,144,144.45,143.85,144.45,14,230
2015-09-11,144.9,144.9,144.9,144.9,2,1
2015-09-14,145,145,145,145,3,10
2015-09-15,144.1,144.85,144.1,144.85,5,7
2015-09-16,144.7,144.95,144.7,144.95,4,7
2015-09-17,144.8,144.8,144.8,144.8,8,60
2015-09-18,145,145.35,145,145.35,4,5
2015-09-21,145.4,145.4,145.4,145.4,2,1
2015-09-22,144.94,144.94,144.64,144.89,8,9
2015-09-23,144.5,144.5,143.8,144.05,19,66
2015-09-24,144.65,144.75,143.85,144.75,9,86
2015-09-25,144.44,144.44,144.04,144.39,7,8
2015-09-28,144.35,144.35,144.35,144.35,1,1
2015-09-29,144.49,144.49,144.39,144.39,4,11
2015-09-30,148.09,148.73,148.03,148.53,344,1698
2015-10-01,148.14,148.8,148,148.65,355,2183
2015-10-02,148.95,148.95,148.55,148.7,253,1075
2015-10-05,149,149.05,148.7,148.7,202,907
2015-10-06,149.27,149.27,148.32,148.82,250,1077
2015-10-07,148.3,148.46,148.01,148.21,168,1105
2015-10-08,147.8,148.19,147.64,147.79,460,1775
2015-10-09,147.05,147.1,146.7,146.8,368,1491
2015-10-13,147.11,147.41,147.01,147.26,84,355
2015-10-14,148,148.55,147.85,148.55,368,2189
2015-10-15,148.35,148.55,148.2,148.25,208,699
2015-10-16,147.85,147.95,147.75,147.85,125,432
2015-10-19,148.49,148.49,148.09,148.34,134,448
2015-10-20,148.68,148.83,148.43,148.58,349,1179
2015-10-21,148.3,148.3,148.2,148.3,63,321
2015-10-22,148.54,148.59,148.34,148.44,183,686
2015-10-23,148.51,148.51,148.16,148.21,154,565
2015-10-26,148.31,148.31,148.16,148.16,101,572
2015-10-27,148.21,148.31,148.21,148.31,127,1284
2015-10-28,148.5,148.5,148.4,148.45,195,1731
2015-10-29,148.87,148.92,148.72,148.77,163,941
2015-10-30,150.79,151.09,150.79,150.99,296,756
2015-11-03,150.6,150.61,150.2,150.3,215,644
2015-11-04,149.92,150.07,149.62,149.62,320,1480
2015-11-05,149,149.25,148.9,149.1,280,1120
2015-11-06,149.11,149.23,148.78,148.93,327,1138
2015-11-09,149.24,149.39,149.19,149.29,99,394
2015-11-10,149.69,149.94,149.54,149.94,102,829
2015-11-11,149.95,150.3,149.8,149.8,301,2037
2015-11-12,149.4,149.4,148.9,148.9,333,1714
2015-11-13,148.8,148.8,148.55,148.55,242,616
2015-11-16,148.37,148.62,148.22,148.37,292,1603
2015-11-17,148.1,148.1,147.8,147.9,185,1161
2015-11-18,147.73,147.83,147.63,147.68,181,2062
2015-11-19,147.62,148.22,147.62,148.07,212,867
2015-11-23,148.27,148.47,148.27,148.32,184,601
2015-11-24,148.5,148.55,148.3,148.45,160,1010
2015-11-25,148.8,148.9,148.55,148.65,95,578
2015-11-26,148.62,148.73,148.62,148.73,123,405
2015-11-27,148.6,148.7,148.6,148.6,94,241
2015-11-30,147.11,147.61,147.11,147.51,195,621
2015-12-01,147.35,147.4,146.65,146.75,305,1208
2015-12-02,146.45,146.45,146.1,146.2,240,1077
2015-12-03,146.34,146.59,146.34,146.39,85,457
2015-12-04,146.01,146.61,146.01,146.51,108,528
2015-12-07,145.91,146.56,145.91,146.56,141,495
2015-12-08,146.7,146.95,146.65,146.85,151,722
2015-12-09,147.3,147.3,146.95,147.3,196,973
2015-12-10,147.5,147.5,146.9,147,189,579
2015-12-11,146.7,146.9,146.55,146.65,62,277
2015-12-14,146.1,146.2,146,146.05,74,167
2015-12-15,146.43,146.58,146.23,146.58,92,556
2015-12-16,146.7,146.7,146.55,146.65,47,268
2015-12-17,146.45,146.75,146.2,146.75,87,377
2015-12-18,146.87,146.87,146.54,146.64,120,454
2015-12-21,146.99,147.14,146.99,147.14,64,185
2015-12-22,147.24,147.5,147.2,147.5,398,1206
2015-12-23,147.82,148.1,147.8,148,135,791
2015-12-28,147.8,148.1,147.8,148.05,21,60
2015-12-29,148.2,148.3,148.15,148.25,37,200
2015-12-30,150.01,150.45,149.85,150.45,193,686
2016-01-04,150.02,150.02,149.57,149.57,77,156
2016-01-05,149.5,149.7,149.35,149.6,88,381
2016-01-06,149.5,149.95,149.25,149.35,289,1039
2016-01-07,149.3,149.7,149.3,149.45,98,293
2016-01-08,149.68,150.1,149.68,150,191,1131
2016-01-11,149.95,149.95,149.6,149.7,154,336
2016-01-12,150.01,150.3,150,150.2,138,644
2016-01-13,150.39,150.64,150.29,150.34,128,470
2016-01-14,150.4,150.95,150.3,150.8,239,847
2016-01-15,150.6,150.9,150.5,150.5,183,803
2016-01-18,150.53,150.78,150.48,150.73,222,561
2016-01-19,150.85,151.3,150.7,151,222,1203
2016-01-20,151,151.3,150.95,151,301,1225
2016-01-21,151,151.3,151,151.2,148,800
2016-01-22,151,151.05,150.75,151,78,528
2016-01-26,151.24,151.24,150.99,150.99,113,219
2016-01-27,150.61,150.76,150.61,150.76,103,338
2016-01-28,150.51,150.64,150.51,150.64,112,138
2016-01-29,154.12,154.45,153.9,154.3,210,773
2016-02-01,153.69,154.24,153.69,154.14,145,473
2016-02-02,154.27,154.42,153.92,154.32,236,1052
2016-02-03,154,154.25,153.4,154.15,201,1065
2016-02-04,154.05,154.7,153.9,154.55,406,2284
2016-02-05,155.29,155.4,155.05,155.35,188,2352
2016-02-10,155.05,155.05,154.65,154.75,48,169
2016-02-11,154.32,154.97,154.27,154.92,181,1021
2016-02-12,155.33,155.63,155.03,155.53,167,956
2016-02-15,155.29,155.54,155.29,155.49,99,539
2016-02-16,155.46,156.01,155.46,155.71,149,783
2016-02-17,155.72,156.22,155.52,156.12,225,1281
2016-02-18,156.3,156.3,155.85,156.1,160,555
2016-02-19,156.08,156.13,155.88,155.88,49,354
2016-02-22,155.6,155.7,155.51,155.56,111,374
2016-02-23,155.9,156,155.9,155.95,111,407
2016-02-24,155.93,155.94,155.79,155.79,37,207
2016-02-25,155.75,155.9,155.75,155.8,65,283
2016-02-26,155.79,155.84,155.79,155.84,14,33
2016-02-29,157.65,158,157.45,157.6,167,1400
2016-03-01,157.64,157.64,157.04,157.19,304,1283
2016-03-02,156.4,156.55,154.3,154.3,523,3091
2016-03-03,154.3,154.55,153.5,154,366,2184
2016-03-04,153.8,153.95,152.75,153.05,206,1050
2016-03-07,154,154.45,153.6,154.3,223,1350
2016-03-08,153.25,154.25,153.2,154.2,159,1230
2016-03-09,153.8,155.25,153.6,155.2,291,1647
2016-03-10,154.8,155.3,154.8,155,157,743
2016-03-11,155.5,156.05,155.5,155.85,251,1230
2016-03-14,156.5,156.95,156,156.05,155,813
2016-03-15,155.5,156.2,155.3,155.75,207,1212
2016-03-16,156,156.35,154.7,154.8,263,1520
2016-03-17,154.69,154.7,153.8,154.15,186,776
2016-03-18,154.6,155.55,154.5,155.15,228,969
2016-03-21,155.7,156.7,155.55,156.6,178,1439
2016-03-22,156.25,156.95,156.25,156.8,145,709
2016-03-23,156.52,156.7,156.45,156.45,26,374
2016-03-24,156.25,156.65,156.15,156.65,132,244
2016-03-28,157,157.05,156.85,157.05,8,120
2016-03-29,157.2,157.55,157.05,157.45,65,483
2016-03-30,157.58,157.63,157.58,157.63,20,174
2016-03-31,158.69,159.49,158.64,158.64,51,156
2016-04-01,158.65,158.8,157.6,158.45,66,437
2016-04-04,158.7,158.7,158.5,158.5,4,5
2016-04-05,159,159,157.85,158.05,19,286
2016-04-06,158,158,157.25,157.5,17,123
2016-04-07,157.5,157.8,157.2,157.8,28,138
2016-04-08,157.5,157.5,156.5,157,37,380
2016-04-11,157.6,157.6,157,157,21,191
2016-04-12,156.9,156.9,155.9,155.9,40,324
2016-04-13,155.9,156,155.8,155.85,18,165
2016-04-14,155.9,156,155.9,156,13,93
2016-04-15,156.95,156.95,156.1,156.35,20,110
2016-04-18,156.2,156.45,155.8,156.45,13,54
2016-04-19,157,157.2,156.5,156.55,43,205
2016-04-20,156,156.35,156,156.35,19,187
2016-04-22,156.25,156.35,156.05,156.05,17,265
2016-04-25,156,156.05,155.7,155.8,37,321
2016-04-26,155.65,155.65,155.1,155.5,36,354
2016-04-27,155.55,155.55,155.5,155.5,8,56
2016-04-28,155.64,155.64,155.64,155.64,5,5
2016-04-29,152,153.2,152,153.05,198,443
2016-05-02,152.9,153.3,152.8,153.2,110,405
2016-05-03,153,153.35,153,153.2,193,749
2016-05-04,153.5,153.55,153.15,153.25,169,1021
2016-05-05,152.6,153.43,152.6,153.13,163,781
2016-05-06,153.01,153.3,153,153.15,99,232
2016-05-09,153.5,154.3,153.5,154.3,335,2194
2016-05-10,154.4,154.65,153.95,154.45,186,1058
2016-05-11,154.61,154.91,154.26,154.61,106,472
2016-05-12,154.8,155.1,154.4,154.85,218,2465
2016-05-13,154.31,154.91,154.31,154.81,152,1336
2016-05-16,154.97,155.19,154.94,155.04,103,638
2016-05-17,155.3,155.7,154.9,155.5,249,2011
2016-05-18,155.4,155.81,155.01,155.61,157,397
2016-05-19,155.48,155.58,154.83,155.53,191,859
2016-05-20,156,156,155.35,155.55,81,207
2016-05-23,155.06,155.7,155.05,155.4,141,201
2016-05-24,155.64,155.89,155.64,155.79,95,210
2016-05-25,155.69,155.7,155.6,155.65,20,75
2016-05-27,155.67,155.67,155.35,155.52,15,46
2016-05-30,155.31,155.46,155.31,155.46,62,483
2016-05-31,157.65,158.15,157.55,157.85,118,524
2016-06-01,157.5,158.05,157.4,158,70,254
2016-06-02,158.5,158.5,158.15,158.15,24,96
2016-06-03,158.5,158.95,158.5,158.7,75,455
2016-06-06,158.7,159,158.65,158.95,68,202
2016-06-07,158.6,158.85,158.6,158.6,58,310
2016-06-08,158.45,158.45,158.05,158.25,66,213
2016-06-09,158.25,158.25,157.8,157.9,96,348
2016-06-10,157.95,157.95,157.55,157.55,52,257
2016-06-13,157,157.35,156.85,157.25,70,253
2016-06-14,157.21,157.76,157.21,157.41,29,76
2016-06-15,157.2,157.4,157.16,157.3,30,94
2016-06-16,157.7,157.9,157.65,157.75,66,326
2016-06-17,157.7,158.2,157.7,158.1,30,150
2016-06-20,158.65,158.65,158.2,158.25,52,158
2016-06-21,158.07,158.52,158.07,158.27,14,66
2016-06-22,158.29,158.39,157.89,158.09,56,376
2016-06-23,158.1,158.1,158,158,99,774
2016-06-24,157.65,157.75,157.3,157.45,37,236
2016-06-27,157.36,157.36,156.71,156.86,57,236
2016-06-28,156.6,156.65,156.35,156.35,34,145
2016-06-29,156.27,156.27,156.22,156.22,25,88
2016-06-30,157.11,157.26,156.56,156.76,115,763
2016-07-01,156.5,157.45,156.5,157.3,69,641
2016-07-04,157.25,157.4,157,157.05,71,307
2016-07-05,156.23,156.38,156.18,156.28,120,447
2016-07-06,156.27,156.62,156.17,156.22,37,252
2016-07-07,155.8,155.8,155.25,155.4,180,643
2016-07-08,155.31,155.35,155.2,155.2,30,141
2016-07-11,155.12,155.12,154.87,155.02,96,356
2016-07-12,155.15,156.4,155.15,156.25,148,1003
2016-07-13,156.13,156.58,156.13,156.18,51,220
2016-07-14,155.75,155.85,155.7,155.7,111,561
2016-07-15,155.65,155.65,155.4,155.55,44,153
2016-07-18,155.27,155.27,155.02,155.02,52,222
2016-07-19,154.51,155.15,154.5,155.1,70,212
2016-07-20,154.62,155.3,154.6,155.2,23,51
2016-07-21,155.27,155.27,154.82,154.82,32,135
2016-07-22,154.6,155,154.6,154.7,12,129
2016-07-25,155.25,155.5,154.75,155.1,37,112
2016-07-26,155.31,155.36,155.31,155.31,3,9
2016-07-27,154.85,154.95,154.6,154.95,52,468
2016-07-28,154.55,154.8,154.55,154.65,12,59
2016-07-29,154.02,154.02,153.6,153.65,142,742
2016-08-01,153.6,154,152.6,152.6,129,564
2016-08-02,152.5,153,152.5,152.5,125,998
2016-08-03,152.9,153.45,152.8,153,51,204
2016-08-04,152.22,152.22,151.1,151.55,194,1230
2016-08-05,151.4,152.1,151.4,151.95,82,270
2016-08-08,152.37,152.37,152.22,152.27,5,24
2016-08-09,152.3,152.35,151.5,151.6,74,439
2016-08-10,151.75,151.8,151.3,151.75,38,159
2016-08-11,151.1,151.3,149.95,149.95,47,267
2016-08-12,150.3,150.45,149.95,150.3,41,146
2016-08-15,150,150.85,149.5,150.65,20,499
2016-08-16,151.2,151.9,150.5,151.75,61,242
2016-08-17,151.5,151.5,151.2,151.45,16,75
2016-08-18,150,150.5,149.7,149.8,43,208
2016-08-19,150.1,150.4,149.5,149.75,41,134
2016-08-22,150,150.9,149.65,150,32,86
2016-08-23,149.4,149.5,148.85,149,43,207
2016-08-24,148.5,149.1,148.5,148.75,57,958
2016-08-25,149.05,149.8,149.05,149.65,45,210
2016-08-26,149.4,149.8,149.4,149.8,9,35
2016-08-29,149.98,149.98,149.43,149.53,11,34
2016-08-30,149.4,149.75,149.3,149.35,20,181
2016-08-31,149.8,150,149.4,149.65,61,360
2016-09-01,149.6,150.35,149.25,149.35,69,495
2016-09-02,149.2,149.3,148.1,148.2,61,338
2016-09-05,147.3,147.65,146.5,147.45,62,660
2016-09-06,147.1,150.2,147.1,150.2,100,492
2016-09-08,149.4,151.05,149.4,150.7,74,486
2016-09-09,150.05,151.05,150,150.95,92,980
2016-09-12,150.5,150.85,150,150,27,101
2016-09-13,150.39,150.45,149.85,149.9,63,530
2016-09-14,149.2,149.2,148.8,148.95,91,1155
2016-09-15,149.11,149.2,147.85,149.1,132,1107
2016-09-16,149,149.85,149,149.85,50,208
2016-09-19,149.65,150.75,149.65,150.75,43,505
2016-09-20,151.25,151.45,151.2,151.45,26,185
2016-09-21,151.5,152,151.35,151.85,75,780
2016-09-22,152.2,152.2,151.6,151.9,25,119
2016-09-23,151.8,151.95,151.6,151.95,15,156
2016-09-26,152,152.1,151.7,151.7,18,85
2016-09-27,152.3,152.3,152.2,152.3,43,291
2016-09-28,152.4,152.4,151.75,152.3,88,654
2016-09-29,151.75,151.95,151.75,151.8,11,53
2016-09-30,154.99,155.6,154.99,155.4,267,1099
2016-10-03,155.19,155.49,154.84,154.94,132,331
2016-10-04,155.3,155.3,154.5,154.6,389,2026
2016-10-05,154.1,154.1,153.2,153.4,411,1956
2016-10-06,153.5,153.65,153.05,153.3,339,1176
2016-10-07,153.1,153.1,152.5,152.5,189,1025
2016-10-10,152.22,152.7,152.15,152.45,220,1111
2016-10-11,151.8,152.2,151.75,151.95,156,661
2016-10-13,151.99,152.35,151.85,151.95,150,909
2016-10-14,151.52,151.71,151.51,151.66,104,615
2016-10-17,151.3,151.5,151.15,151.4,142,1017
2016-10-18,151.29,151.54,151.29,151.39,196,684
2016-10-19,151.51,151.51,150.96,151.11,424,1020
2016-10-20,151.4,151.45,150.85,150.95,311,989
2016-10-21,150.91,151.05,150.8,150.85,266,1178
2016-10-24,150.5,151.15,150.3,151.15,224,1440
2016-10-25,151.2,151.3,151,151.15,351,2685
2016-10-26,151.5,151.5,151,151.3,209,780
2016-10-27,151.55,151.6,151.25,151.5,205,704
2016-10-28,151.4,151.55,151.25,151.55,81,212
2016-10-31,151,151.4,150.8,151,182,1117
2016-11-01,150.3,151.05,150.05,150.8,228,432
2016-11-03,150.57,150.82,150.47,150.72,111,171
2016-11-04,150.02,150.2,149.7,150,207,794
2016-11-07,150.99,150.99,150.29,150.29,101,242
2016-11-08,150.89,150.89,150.29,150.34,54,207
2016-11-09,150,150,149.65,149.75,148,495
2016-11-10,149.4,149.95,149.3,149.85,110,362
2016-11-11,149.7,149.75,149.1,149.7,103,226
2016-11-14,149.2,149.2,148.55,148.95,33,71
2016-11-16,148.9,149.1,148.8,149.05,42,236
2016-11-17,149.35,150.35,149.25,150.35,119,1113
2016-11-18,150.62,150.72,150.02,150.12,59,81
2016-11-21,149.97,150.17,149.82,150.02,111,213
2016-11-22,149.5,150.8,149.15,150.45,64,186
2016-11-23,150.51,150.96,150.51,150.71,70,191
2016-11-24,151.19,151.2,150.55,150.55,46,229
2016-11-25,149.98,149.98,149.88,149.98,45,72
2016-11-28,149.85,149.9,149.7,149.75,55,102
2016-11-29,149.62,149.72,149.62,149.67,48,156
2016-11-30,149.57,150.18,149.43,150.18,138,986
2016-12-01,150.3,150.6,150.05,150.3,139,505
2016-12-02,150,150.34,149.64,150.09,205,1011
2016-12-05,149.8,150.65,149.8,150.5,135,364
2016-12-06,150.13,150.43,150.03,150.23,156,673
2016-12-07,149.94,150.19,149.89,149.94,206,1039
2016-12-08,149.79,149.79,149.49,149.59,153,664
2016-12-09,149.21,149.45,149.2,149.35,87,339
2016-12-12,149.65,149.65,149.3,149.45,102,204
2016-12-13,149.89,150,149.5,149.5,272,1063
2016-12-14,149.22,150.42,149.22,149.77,348,1072
2016-12-15,149.95,150.25,149.75,149.9,173,473
2016-12-16,149.56,149.65,149.45,149.65,126,422
2016-12-19,149.45,149.85,149.45,149.75,67,201
2016-12-20,149.6,150,149.35,149.45,122,664
2016-12-21,149.25,149.61,149.21,149.56,89,352
2016-12-22,149.46,149.46,149,149.25,99,575
2016-12-23,149.99,149.99,149.54,149.59,31,100
2016-12-26,149.1,149.26,149.01,149.21,102,233
2016-12-27,149.25,149.55,149.25,149.45,185,253
2016-12-28,149.65,149.7,149.6,149.7,52,252
2016-12-29,149.45,149.8,149.45,149.8,43,59
2017-01-02,149.55,149.86,149.46,149.61,43,116
2017-01-03,149.46,149.76,149.21,149.66,62,266
2017-01-04,149.96,150,149.24,149.34,145,587
2017-01-05,148.99,148.99,148.59,148.64,91,274
2017-01-06,149.29,149.39,148.84,149.34,161,684
2017-01-09,149.4,149.4,149.15,149.2,71,184
2017-01-10,149.49,149.55,149,149.25,143,843
2017-01-11,148.95,149.1,148.75,148.75,49,180
2017-01-12,148.45,148.95,148.45,148.85,39,83
2017-01-13,148.75,148.75,148.55,148.7,95,164
2017-01-16,148.92,148.97,148.77,148.92,44,92
2017-01-17,148.81,148.81,148.56,148.81,57,195
2017-01-18,147.98,148.13,147.78,148.13,141,498
2017-01-19,148,148,147.35,147.45,104,544
2017-01-20,147.5,147.6,147.35,147.35,29,78
2017-01-23,147.11,147.55,147.1,147.35,45,243
2017-01-24,147.38,147.38,147.18,147.33,16,100
2017-01-26,146.89,146.89,146.32,146.37,61,380
2017-01-27,146.02,146.15,145.9,146,42,449
2017-01-30,146.12,146.32,146.12,146.22,21,50
2017-01-31,143.53,144.2,143.05,144.2,37,81
2017-02-01,144.51,144.75,144.25,144.4,26,64
2017-02-02,144.05,144.05,143.78,143.78,14,46
2017-02-03,143.5,143.8,143.45,143.6,16,90
2017-02-06,143.9,143.9,143.55,143.9,17,47
2017-02-07,143.93,144.6,143.9,144.6,34,261
2017-02-08,144.2,144.2,143.55,143.7,38,442
2017-02-09,143.75,143.95,143.7,143.95,7,72
2017-02-10,144.05,144.35,144.05,144.35,12,92
2017-02-13,144.3,144.5,144.3,144.5,25,147
2017-02-14,144.52,144.52,144.11,144.11,5,10
2017-02-15,143.99,144.09,143.94,143.94,19,74
2017-02-16,144.36,144.8,144.05,144.25,91,649
2017-02-17,143.8,144.4,143.8,144.3,31,312
2017-02-20,144.2,144.4,144.2,144.4,14,91
2017-02-21,145.01,145.19,144.84,144.94,83,718
2017-02-22,144.7,144.7,144.65,144.65,8,111
2017-02-23,144.85,144.85,144.65,144.7,24,127
2017-02-24,141.6,142.6,141.6,142.3,13,30
2017-03-01,142.81,142.81,142.81,142.81,4,6
2017-03-02,142.81,143.46,142.66,143.01,96,367
2017-03-03,143.9,144.3,143,143.35,62,349
2017-03-06,143,143.29,142.74,142.99,18,50
2017-03-07,142.5,143.2,142,143.2,41,144
2017-03-08,143.47,143.61,143.06,143.31,22,52
2017-03-09,143.32,143.57,143.32,143.52,7,167
2017-03-10,143.77,143.77,143.02,143.27,11,47
2017-03-13,143,143,143,143,9,83
2017-03-14,143.25,143.45,143,143.45,18,109
2017-03-15,143.12,143.57,143.12,143.52,39,76
2017-03-16,143.66,143.66,143.36,143.41,37,421
2017-03-17,143.35,143.4,143.35,143.4,10,193
2017-03-20,143,143.05,142.55,142.65,73,517
2017-03-21,142.56,142.65,142.1,142.1,179,527
2017-03-22,141.52,141.72,140.67,140.67,94,411
2017-03-23,140.95,140.95,138.55,139.7,80,753
2017-03-24,140.39,140.69,139.99,140.04,35,63
2017-03-27,141,141.45,141,141.25,63,368
2017-03-28,140.71,141.36,140.71,141.01,29,78
2017-03-29,140.69,140.69,139.99,140.09,27,193
2017-03-30,140.88,141.03,140.28,140.83,47,219
2017-03-31,135.4,135.4,134.4,134.4,14,62
2017-04-03,134.5,134.5,133.7,134.45,13,36
2017-04-04,134.88,135.5,134.7,135.5,13,21
2017-04-05,134.75,135.5,134.75,135.5,2,5
2017-04-06,135,135.25,135,135.25,4,3
2017-04-10,135.95,136,135.95,136,2,18
2017-04-11,136.5,136.5,136.5,136.5,6,39
2017-04-12,137,137.25,136.95,137,11,49
2017-04-13,136.5,137,136.5,137,9,53
2017-04-17,137.94,138.04,137.34,138.04,16,80
2017-04-18,138,138.2,138,138,19,94
2017-04-19,138,138,137.6,137.6,10,37
2017-04-20,137.94,137.95,137.94,137.95,4,22
2017-04-24,138,138,138,138,5,23
2017-04-25,138,138,137.75,137.8,3,4
2017-04-26,138.1,138.1,137.95,137.95,10,19
2017-04-27,138.2,138.3,138,138,9,25
2017-04-28,135.6,135.8,135.35,135.55,76,222
2017-05-02,135.7,136.84,135.7,136.49,320,1352
2017-05-03,136.45,136.57,136.27,136.37,166,481
2017-05-04,136.28,136.39,135.74,136.09,324,1174
2017-05-05,135.75,136.1,135.25,135.5,138,451
2017-05-08,135.41,135.66,135.41,135.66,34,44
2017-05-09,135.64,135.74,135.24,135.54,121,440
2017-05-10,135.5,135.9,135.45,135.85,101,319
2017-05-11,136.24,136.35,135.9,136.25,120,359
2017-05-12,136.15,136.4,136.01,136.3,108,327
2017-05-15,135.61,136.11,135.61,135.71,120,284
2017-05-16,135.31,135.45,135.25,135.25,95,349
2017-05-17,135.36,135.61,135.36,135.51,121,1342
2017-05-18,135.15,135.25,133.8,134.55,164,979
2017-05-19,134.16,135.05,133.95,133.95,148,306
2017-05-22,134.67,134.82,133.17,133.22,135,625
2017-05-23,133.07,134.17,133.07,133.42,81,314
2017-05-24,134.29,134.49,133.54,133.54,96,196
2017-05-25,133.5,133.9,133.4,133.7,122,515
2017-05-26,132,132.45,131.9,132.05,210,654
2017-05-29,132.35,132.75,132.35,132.75,37,73
2017-05-30,133,133.1,132.9,132.9,98,851
2017-05-31,129,129.5,129,129.3,14,20
2017-06-01,129,129.3,128.35,128.4,68,420
2017-06-02,128.01,128.4,128,128.4,24,122
2017-06-05,128.9,129.1,128.1,128.7,55,163
2017-06-06,128.5,129.9,126.25,127.1,252,1374
2017-06-07,126.5,127.4,125.65,126.15,88,307
2017-06-08,126,126.9,125.55,126.45,58,229
2017-06-09,126,126.15,126,126.05,10,44
2017-06-12,126.1,126.1,126.1,126.1,5,13
2017-06-13,126.1,126.9,126.1,126.55,56,261
2017-06-14,126.5,126.6,126.05,126.05,35,301
2017-06-16,126.5,126.5,126.05,126.05,20,63
2017-06-19,126,126.7,125.5,125.5,35,196
2017-06-20,124.98,126.43,124.98,125.43,52,71
2017-06-21,125.7,125.75,124.65,125.6,98,446
2017-06-22,126.37,127.47,126.37,126.52,77,283
2017-06-23,126,126.95,126,126.75,36,63
2017-06-26,127,127,126.6,126.85,23,74
2017-06-27,127.45,127.65,126.9,126.9,45,122
2017-06-28,127.25,127.75,127.25,127.35,53,378
2017-06-29,127.9,127.95,127.75,127.75,46,236
2017-06-30,123.98,123.98,123.53,123.53,10,19
2017-07-03,123.5,124.2,123.5,124.2,18,79
2017-07-04,124,125.5,124,125.5,14,25
2017-07-05,124.2,125,123.85,124.45,15,55
2017-07-06,123.75,123.95,123.45,123.85,17,95
2017-07-07,124,124,123.5,123.8,12,120
2017-07-10,124.25,124.95,124.25,124.25,5,65
2017-07-11,124.4,124.9,124.25,124.55,11,62
2017-07-12,124.6,125.1,124.25,124.75,18,39
2017-07-13,124.32,124.72,123.22,123.52,50,328
2017-07-14,123.88,123.94,123.54,123.64,42,286
2017-07-17,123.1,123.5,123.1,123.3,32,242
2017-07-18,123.5,123.65,123.2,123.3,84,709
2017-07-19,123,124,123,123.7,52,603
2017-07-20,124.2,124.85,124.15,124.4,73,663
2017-07-21,124.95,125,124.55,124.6,33,321
2017-07-24,125,125.25,124.95,124.95,146,1162
2017-07-25,124.58,124.58,123.73,124.28,77,838
2017-07-26,123.52,123.85,123.52,123.8,120,1145
2017-07-27,124.5,124.7,124.5,124.7,20,482
2017-07-28,124.4,124.4,124.4,124.4,14,74
2017-07-31,130.25,131.25,130,130.1,40,354
2017-08-01,130.5,131.2,130.5,131.2,36,304
2017-08-02,131.48,131.75,131.1,131.55,28,117
2017-08-03,131,131.45,131,131.45,4,12
2017-08-04,131.49,131.49,130.2,131.45,21,88
2017-08-07,131,131.5,131,131.5,6,32
2017-08-08,131.5,131.5,131.5,131.5,4,5
2017-08-09,130.82,131.62,130.82,131.62,2,6
2017-08-10,131,132.45,131,132.45,45,409
2017-08-11,131.9,133.8,131.9,133.8,27,294
2017-08-14,133.8,135,133.8,134.4,42,228
2017-08-15,135.4,136.8,135.4,136.6,29,183
2017-08-16,136,136.75,136,136.5,20,156
2017-08-17,136,136.5,136,136.5,8,39
2017-08-18,137,137.7,137,137.7,15,162
2017-08-21,137.5,137.5,137,137,8,60
2017-08-22,138,139.8,138,138.6,43,439
2017-08-23,138,138.5,137.7,138.05,25,189
2017-08-24,138.5,139.05,138.5,138.9,44,184
2017-08-25,139.5,139.5,139.1,139.1,6,16
2017-08-28,140.1,141,140,141,18,73
2017-08-29,140.98,141.5,140.98,141.5,16,106
2017-08-30,141.5,142.2,141.5,142.2,18,165
2017-08-31,144,144.5,143.35,143.8,23,124
2017-09-01,143.7,143.95,143,143.95,37,285
2017-09-04,144.51,144.81,143.96,144.51,83,450
2017-09-05,143.55,144.88,143.53,144.83,60,281
2017-09-06,144.5,144.85,144.3,144.4,53,160
2017-09-08,144,144.85,144,144.45,39,99
2017-09-11,144.2,144.9,143.75,143.95,66,430
2017-09-12,144.36,144.36,142.91,143.01,149,367
2017-09-13,142,142.45,140.85,141.85,57,207
2017-09-14,141.5,142.2,141.5,141.5,21,59
2017-09-15,141.75,141.75,140.75,141.6,80,371
2017-09-18,141.5,141.9,141,141.2,45,151
2017-09-19,141.4,141.5,140.55,141,52,190
2017-09-20,141,141,140.55,140.85,27,117
2017-09-21,140.7,141.9,140.55,141.55,80,459
2017-09-22,141.6,142.6,141.6,142.35,54,262
2017-09-25,143.75,144.35,143.1,143.65,47,457
2017-09-26,143,143,142.4,142.75,31,142
2017-09-27,142.2,142.85,142.2,142.7,31,635
2017-09-28,142.1,142.15,141.7,141.7,68,655
2017-09-29,142.95,143,142.1,142.25,720,4513
2017-10-02,142,142.3,141.15,141.7,327,1490
2017-10-03,141.2,141.7,140.9,141.6,414,1963
2017-10-04,141.8,141.8,140.25,140.6,449,2053
2017-10-05,140.65,140.8,139.4,139.7,414,1605
2017-10-06,139.85,140.1,138.5,138.6,384,2211
2017-10-09,139,139.3,138.35,139,285,1266
2017-10-10,139.35,139.75,139.05,139.1,401,3122
2017-10-11,138.85,139.5,138.7,139.4,373,1541
2017-10-13,139.65,140,139.35,139.75,375,1708
2017-10-16,139.85,140.2,139.2,139.2,262,1789
2017-10-17,139,139.05,138,138.3,395,2499
2017-10-18,137.75,138.6,137.7,138.2,461,1848
2017-10-19,138.15,138.6,137.7,137.8,301,1119
2017-10-20,138.15,138.6,138.1,138.6,234,831
2017-10-23,138.7,139.25,138.6,138.8,274,1405
2017-10-24,139.05,139.05,138.5,138.75,206,1091
2017-10-25,138.7,138.9,138.5,138.7,122,802
2017-10-26,138.3,138.7,138.25,138.65,97,1874
2017-10-27,138.7,138.8,138.6,138.75,68,578
2017-10-30,138.75,139.3,138.75,139.2,156,748
2017-10-31,141.9,142.9,141.8,142.2,335,1601
2017-11-01,142.75,142.85,142.15,142.35,213,752
2017-11-03,142.2,142.55,142.05,142.3,173,619
2017-11-06,142.3,142.5,142,142.25,117,377
2017-11-07,142.15,142.2,141.45,141.75,216,770
2017-11-08,141.4,141.55,140.5,141.1,531,3011
2017-11-09,140.6,141.8,140.6,141.8,354,2731
2017-11-10,141.9,142.45,141.3,142,496,3341
2017-11-13,141.8,142.65,141.6,142.3,293,1785
2017-11-14,142.35,143.05,142.15,142.5,247,1330
2017-11-16,142.55,142.55,141.9,142.4,424,2132
2017-11-17,142.5,142.5,142,142.25,156,897
2017-11-21,142,142.15,141.7,141.9,189,863
2017-11-22,142.05,142.45,142.05,142.25,282,1700
2017-11-23,142,142.95,142,142.7,343,1852
2017-11-24,142.4,143,142.2,142.85,362,2540
2017-11-27,143.05,143.25,143,143.1,161,1251
2017-11-28,143.7,143.7,143.45,143.5,148,1203
2017-11-29,143.65,143.8,143.55,143.8,231,1412
2017-11-30,147.8,148.2,146,147.3,305,1301
2017-12-01,146.75,147.05,146.2,146.95,222,614
2017-12-04,146.7,148.2,146.6,148,249,654
2017-12-05,147.95,148.5,147.8,147.8,166,614
2017-12-06,147.5,148.4,147.45,148.15,314,2157
2017-12-07,147.95,148.4,147.5,147.7,169,856
2017-12-08,147.85,147.85,146.5,147.65,431,2090
2017-12-11,147.25,147.25,146.55,146.9,128,367
2017-12-12,146.5,147,146.25,147,163,659
2017-12-13,146.7,147.35,146.5,147.35,185,577
2017-12-14,147,147.3,146.7,146.8,141,1150
2017-12-15,147.05,147.4,146.75,147.35,104,481
2017-12-18,147.3,147.4,147.05,147.3,101,387
2017-12-19,147.4,147.8,147.25,147.65,125,635
2017-12-20,147.3,147.4,146.85,147.4,142,688
2017-12-21,147.3,147.45,147,147.35,139,1345
2017-12-22,147.1,147.3,147,147.15,38,283
2017-12-26,147.15,147.15,146.85,147,28,121
2017-12-27,146.6,146.9,146.6,146.9,46,500
2017-12-28,148,148.75,148,148.4,82,240
2018-01-02,148.35,148.8,148.2,148.5,90,599
2018-01-03,148.05,148.6,147.95,148.3,102,306
2018-01-04,148.35,148.45,147.3,147.5,248,978
2018-01-05,147.1,147.4,147,147.15,153,424
2018-01-08,147.35,147.35,146.85,147,84,213
2018-01-09,147.1,147.1,146.55,146.8,171,916
2018-01-10,146.5,147.3,146.45,147.1,170,867
2018-01-11,147.3,147.3,146.9,147.05,134,392
2018-01-12,147.35,147.35,146.6,146.85,139,715
2018-01-15,146.7,146.8,146.65,146.7,57,179
2018-01-16,146.6,146.6,146.2,146.2,166,736
2018-01-17,146.5,146.55,146,146,292,1116
2018-01-18,146.1,146.1,145.3,145.5,174,721
2018-01-19,145.65,145.7,145.2,145.5,93,288
2018-01-22,145.85,146.2,145.85,146.1,50,425
2018-01-23,146.5,147.05,146.5,146.6,303,2588
2018-01-24,146.25,146.55,146,146.05,137,722
2018-01-26,145.8,146.1,145.6,145.8,120,745
2018-01-29,145.6,145.75,145.5,145.65,35,330
2018-01-30,145.8,145.8,145.6,145.75,82,174
2018-01-31,144.55,145,144.2,145,144,546
2018-02-01,145.25,145.5,144.5,144.7,96,382
2018-02-02,144.15,145.1,144.05,145.1,96,1335
2018-02-05,145.25,145.25,144.55,144.85,94,256
2018-02-06,144.75,145.45,144.75,144.8,129,1060
2018-02-07,145.2,145.4,144.65,145.15,90,421
2018-02-08,144.9,145.5,144.9,145.25,107,872
2018-02-09,145.25,145.7,145.15,145.3,60,409
2018-02-14,145.35,145.45,145.2,145.2,20,112
2018-02-15,145.3,145.5,145.3,145.3,21,73
2018-02-16,144.85,145.7,144.8,145.2,116,373
2018-02-19,145.45,145.5,145.25,145.3,28,70
2018-02-20,145.2,146,145.2,145.6,224,1711
2018-02-21,145.9,145.95,145.45,145.75,87,536
2018-02-22,145.95,146,145.9,145.95,41,324
2018-02-23,145.85,146.2,145.85,146.15,27,285
2018-02-26,146.05,146.3,146.05,146.15,30,911
2018-02-27,146.1,146.1,146.1,146.1,6,33
2018-02-28,145.7,146.05,145.7,146,12,434
2018-03-01,145.75,145.75,145.1,145.6,14,136
2018-03-02,145.5,145.65,145.3,145.65,16,23
2018-03-05,145.2,145.2,144.7,144.7,42,300
2018-03-06,144.4,145.35,144.2,145.1,34,224
2018-03-07,145.1,145.1,144,144.75,36,128
2018-03-08,145.15,145.15,144.5,145,25,119
2018-03-09,144.5,145.1,144.5,144.8,14,83
2018-03-12,144.6,144.85,144.5,144.85,8,48
2018-03-13,145.2,145.2,144.8,144.8,5,214
2018-03-14,145,145,144.55,144.75,25,137
2018-03-15,144.85,144.85,144.6,144.75,15,82
2018-03-16,144.85,144.85,144.8,144.8,4,85
2018-03-19,144.8,144.8,144.55,144.55,2,2
2018-03-20,144.55,144.65,144.2,144.25,45,482
2018-03-21,144.05,144.4,143.5,143.85,62,455
2018-03-22,144,144,143.6,143.8,24,159
2018-03-23,143.75,144.2,143.75,143.8,23,143
2018-03-26,143.35,143.7,143.35,143.6,12,75
2018-03-27,143.8,143.8,143.7,143.7,10,37
2018-03-28,143.7,143.8,143.65,143.8,55,501
2018-03-29,143,143,143,143,2,1
2018-04-02,143,143,143,143,3,45
2018-04-03,143.5,143.65,143.3,143.5,15,131
2018-04-04,144,144.35,144,144.35,27,204
2018-04-05,144.3,144.3,144.1,144.1,8,54
2018-04-06,143.9,144.2,143.9,144.2,6,33
2018-04-09,144.6,144.6,143.8,143.85,6,11
2018-04-10,143.7,143.8,143.4,143.4,19,111
2018-04-11,143.6,143.6,143.6,143.6,3,5
2018-04-12,143.3,143.35,143.25,143.35,6,141
2018-04-13,143.4,143.4,143.4,143.4,13,156
2018-04-16,143.4,143.4,143.4,143.4,5,37
2018-04-17,143.4,143.6,143.25,143.5,12,88
2018-04-18,143.2,143.25,142.5,142.7,9,44
2018-04-19,142.95,143,142.7,143,24,181
2018-04-20,142.9,143,142.9,142.9,35,190
2018-04-23,142.85,142.85,142.7,142.75,13,118
2018-04-24,143,143,142.5,142.5,43,798
2018-04-25,142,142,141.35,141.5,37,308
2018-04-26,141.6,141.9,141.55,141.65,55,371
2018-04-27,141.1,141.2,141.1,141.15,3,28
2018-04-30,141.4,141.7,141.2,141.2,99,378
2018-05-02,141.5,141.5,140.6,140.7,322,2246
2018-05-03,140.9,141.7,140.75,141.5,214,1284
2018-05-04,141.55,142,141.2,141.8,317,2366
2018-05-07,142,142.3,141.45,141.8,198,1187
2018-05-08,141.55,141.65,141.1,141.4,223,1319
2018-05-09,141.15,141.25,140.65,141,267,1953
2018-05-10,140.2,140.85,139.85,140.25,458,3184
2018-05-11,140.45,140.45,139.85,140,79,308
